{
    "name": "myform",
    "postURL": "https://test.io/post",
    "schema": [
        {
            "Type": "textbox",
            "Group": "monday",
            "name": "ProjectName",
            "Default": "Project Name",
            "HelpText": "xxxxx",
            "Required": "",
            "Label": "Project Name"
        },
        {
            "Type": "textbox",
            "Group": "sunday",
            "name": "ProjectDescription",
            "Default": "Project Description",
            "HelpText": "xxxxx",
            "Required": "",
            "Label": "Project Description"
        },
        {
            "Type": "radio",
            "Group": "status",
            "name": "Status",
            "Default": "1",
            "HelpText": "xxxxx",
            "Required": "",
            "Label": "Active"
        },
        {
            "Type": "radio",
            "Group": "status",
            "name": "Status",
            "Default": "2",
            "HelpText": "xxxxx",
            "Required": "",
            "Label": "Passive"
        },
        {
            "Type": "checkbox",
            "Group": "accept",
            "name": "Working",
            "Default": "Working",
            "HelpText": "xxxxx",
            "Required": "",
            "Label": "Working Status"
        }
    ]
}